name,id,tier,rarity,tech/manufacturer,tags,uiTags,base value,unlocked,hidden,hiddenEverywhere,cost_frigate,cost_dest,cost_cruiser,cost_capital,script,desc,short,sModDesc,sprite,
High Capacity Power Plants,PA_HighCapacityPowerPlants,,,Remnant,codex_require_related,,,,TRUE,,0,0,0,0,data.hullmods.PA_HighCapacityPowerPlants,"Making use of the typical advantages in available volume enjoyed by automated ships over crewed ships, the Tri-Tachyon Corporation was more than willing to design their droneships with massive, cutting edge reactors that can easily power the flux-intensive energy weapons that are prioritized in company security doctrine. Reduces the ordinance points of large/medium/small energy weapons by %s/%s/%s, respectively.",,,graphics\hullmods\PA_High_Capacity_Power_Plants.png,
Prototype Power Grid Overhaul,PA_PPGO,3,,Tri-Tachyon,"special,engines,offensive,no_build_in,standard",,,,,,15,30,45,60,data.hullmods.PA_PrototypePowerGridOverhaul,,,,,
,,,,,,,,,,,,,,,,,,,,
,,,,,,,,,,,,,,,,,,,,
,,,,,,,,,,,,,,,,,,,,
,,,,,,,,,,,,,,,,,,,,
,,,,,,,,,,,,,,,,,,,,
,,,,,,,,,,,,,,,,,,,,
,,,,,,,,,,,,,,,,,,,,
,,,,,,,,,,,,,,,,,,,,